club_id,club_slug,clean_name,countryCode,competition_id,logo_url,source_batch,club_name,division,country
10010.0,esporte-clube-bahia,Esporte Clube Bahia,BRA,BRA1,https://tmssl.akamaized.net//images/wappen/head/10010.png?lm=1412879423,main_transfermarkt,,,
10.0,arminia-bielefeld,Arminia Bielefeld,DEU,L2,https://tmssl.akamaized.net//images/wappen/head/10.png?lm=1629204733,main_transfermarkt,,,
1010.0,fc-watford,Watford FC,ENG,GB2,https://tmssl.akamaized.net//images/wappen/head/1010.png?lm=1468103673,main_transfermarkt,,,
10004.0,paris-fc,Paris FC,FRA,FR1,https://tmssl.akamaized.net//images/wappen/head/10004.png?lm=1411995262,main_transfermarkt,,,
1005.0,us-lecce,US Lecce,ITA,IT1,https://tmssl.akamaized.net//images/wappen/head/1005.png?lm=1689169528,main_transfermarkt,,,
1023.0,se-palmeiras-sao-paulo,Sociedade Esportiva Palmeiras,BRA,BRA1,https://tmssl.akamaized.net//images/wappen/head/1023.png?lm=1411204983,main_transfermarkt,,,
1003.0,leicester-city,Leicester City,ENG,GB2,https://tmssl.akamaized.net//images/wappen/head/1003.png?lm=1472229265,main_transfermarkt,,,
1020.0,fc-portsmouth,Portsmouth FC,ENG,GB2,https://tmssl.akamaized.net//images/wappen/head/1020.png?lm=1565282045,main_transfermarkt,,,
1028.0,fc-millwall,Millwall FC,ENG,GB2,https://tmssl.akamaized.net//images/wappen/head/1028.png?lm=1564722431,main_transfermarkt,,,
1029.0,club-atletico-velez-sarsfield,CA Vélez Sarsfield,ARG,ARGC,https://tmssl.akamaized.net//images/wappen/head/1029.png?lm=1634518202,main_transfermarkt,,,
1035.0,sheffield-wednesday,Sheffield Wednesday,ENG,GB2,https://tmssl.akamaized.net//images/wappen/head/1035.png?lm=1643214896,main_transfermarkt,,,
1025.0,fc-bologna,Bologna FC 1909,ITA,IT1,https://tmssl.akamaized.net//images/wappen/head/1025.png?lm=1626441324,main_transfermarkt,,,
1030.0,argentinos-juniors,AA Argentinos Juniors,ARG,ARGC,https://tmssl.akamaized.net//images/wappen/head/1030.png?lm=1423343744,main_transfermarkt,,,
1038.0,sampdoria-genua,UC Sampdoria,ITA,IT2,https://tmssl.akamaized.net//images/wappen/head/1038.png?lm=1520934353,main_transfermarkt,,,
1041.0,olympique-lyon,Olympique Lyon,FRA,FR1,https://tmssl.akamaized.net//images/wappen/head/1041.png?lm=1656668172,main_transfermarkt,,,
1039.0,queens-park-rangers,Queens Park Rangers,ENG,GB2,https://tmssl.akamaized.net//images/wappen/head/1039.png?lm=1464680692,main_transfermarkt,,,
10484.0,kasimpasa,Kasimpasa,TUR,TR1,https://tmssl.akamaized.net//images/wappen/head/10484.png?lm=1753430136,main_transfermarkt,,,
1049.0,fc-valencia,Valencia CF,ESP,ES1,https://tmssl.akamaized.net//images/wappen/head/1049.png?lm=1406966320,main_transfermarkt,,,
10511.0,club-atletico-san-martin-sj-,CA San Martín (San Juan),ARG,ARGC,https://tmssl.akamaized.net//images/wappen/head/10511.png?lm=1424603773,main_transfermarkt,,,
1047.0,como-1907,Como 1907,ITA,IT1,https://tmssl.akamaized.net//images/wappen/head/1047.png?lm=1565704078,main_transfermarkt,,,
1050.0,fc-villarreal,Villarreal CF,ESP,ES1,https://tmssl.akamaized.net//images/wappen/head/1050.png?lm=1408655310,main_transfermarkt,,,
1061.0,los-angeles-galaxy,Los Angeles Galaxy,USA,MLS1,https://tmssl.akamaized.net//images/wappen/head/1061.png?lm=1493067070,main_transfermarkt,,,
105.0,sv-darmstadt-98,SV Darmstadt 98,DEU,L2,https://tmssl.akamaized.net//images/wappen/head/105.png?lm=1501493517,main_transfermarkt,,,
10492.0,esporte-clube-juventude,Esporte Clube Juventude,BRA,BRA1,https://tmssl.akamaized.net//images/wappen/head/10492.png?lm=1416046262,main_transfermarkt,,,
10718.0,fc-andorra,FC Andorra,AND,ES2,https://tmssl.akamaized.net//images/wappen/head/10718.png?lm=1652807647,main_transfermarkt,,,
1075.0,sc-braga,SC Braga,PRT,PO1,https://tmssl.akamaized.net//images/wappen/head/1075.png?lm=1432893871,main_transfermarkt,,,
1080.0,stade-laval,Stade Lavallois,FRA,FR2,https://tmssl.akamaized.net//images/wappen/head/1080.png?lm=1683046487,main_transfermarkt,,,
1082.0,losc-lille,LOSC Lille,FRA,FR1,https://tmssl.akamaized.net//images/wappen/head/1082.png?lm=1529521041,main_transfermarkt,,,
1084.0,fc-malaga,Málaga CF,ESP,ES2,https://tmssl.akamaized.net//images/wappen/head/1084.png?lm=1749674822,main_transfermarkt,,,
10870.0,fortaleza-esporte-clube,Fortaleza Esporte Clube,BRA,BRA1,https://tmssl.akamaized.net//images/wappen/head/10870.png?lm=1631541450,main_transfermarkt,,,
1095.0,es-troyes-ac,ESTAC Troyes,FRA,FR2,https://tmssl.akamaized.net//images/wappen/head/1095.png?lm=1599945497,main_transfermarkt,,,
1096.0,royal-antwerpen-fc,Royal Antwerp FC,BEL,BE1,https://tmssl.akamaized.net//images/wappen/head/1096.png?lm=1623758865,main_transfermarkt,,,
11.0,fc-arsenal,Arsenal FC,ENG,GB1,https://tmssl.akamaized.net//images/wappen/head/11.png?lm=1489787850,main_transfermarkt,,,
110302.0,avs-futebol-sad,Avs Futebol,PRT,PO1,https://tmssl.akamaized.net//images/wappen/head/110302.png?lm=1698968034,main_transfermarkt,,,
1108.0,deportivo-alaves,Deportivo Alavés,ESP,ES1,https://tmssl.akamaized.net//images/wappen/head/1108.png?lm=1596131395,main_transfermarkt,,,
1106.0,club-de-gimnasia-y-esgrima-la-plata,Club de Gimnasia y Esgrima La Plata,ARG,ARGC,https://tmssl.akamaized.net//images/wappen/head/1106.png?lm=1412763250,main_transfermarkt,,,
1112.0,afc-wrexham,Wrexham AFC,WAL,GB2,https://tmssl.akamaized.net//images/wappen/head/1112.png?lm=1704797430,main_transfermarkt,,,
11141.0,toronto-fc,Toronto FC,CAN,MLS1,https://tmssl.akamaized.net//images/wappen/head/11141.png?lm=1410196948,main_transfermarkt,,,
1123.0,norwich-city,Norwich City,ENG,GB2,https://tmssl.akamaized.net//images/wappen/head/1123.png?lm=1655469640,main_transfermarkt,,,
11273.0,rodez-af,Rodez AF,FRA,FR2,https://tmssl.akamaized.net//images/wappen/head/11273.png?lm=1498251875,main_transfermarkt,,,
1132.0,fc-burnley,Burnley FC,ENG,GB1,https://tmssl.akamaized.net//images/wappen/head/1132.png?lm=1686818840,main_transfermarkt,,,
11282.0,alanyaspor,Alanyaspor,TUR,TR1,https://tmssl.akamaized.net//images/wappen/head/11282.png?lm=1753428907,main_transfermarkt,,,
114.0,besiktas-istanbul,Besiktas JK,TUR,TR1,https://tmssl.akamaized.net//images/wappen/head/114.png?lm=1741019298,main_transfermarkt,,,
1148.0,fc-brentford,Brentford FC,ENG,GB1,https://tmssl.akamaized.net//images/wappen/head/1148.png?lm=1625150543,main_transfermarkt,,,
114977.0,san-diego-fc,San Diego FC,USA,MLS1,https://tmssl.akamaized.net//images/wappen/head/114977.png?lm=1701506296,main_transfermarkt,,,
1154.0,red-star-fc,Red Star FC,FRA,FR2,https://tmssl.akamaized.net//images/wappen/head/1154.png?lm=1609759172,main_transfermarkt,,,
1158.0,fc-lorient,FC Lorient,FRA,FR1,https://tmssl.akamaized.net//images/wappen/head/1158.png?lm=1406642498,main_transfermarkt,,,
11831.0,club-atletico-tigre,Club Atlético Tigre,ARG,ARGC,https://tmssl.akamaized.net//images/wappen/head/11831.png?lm=1604443014,main_transfermarkt,,,
1159.0,as-nancy-lorraine,AS Nancy-Lorraine,FRA,FR2,https://tmssl.akamaized.net//images/wappen/head/1159.png?lm=1529961068,main_transfermarkt,,,
1184.0,krc-genk,KRC Genk,BEL,BE1,https://tmssl.akamaized.net//images/wappen/head/1184.png?lm=1717666245,main_transfermarkt,,,
1164.0,le-mans-fc,Le Mans FC,FRA,FR2,https://tmssl.akamaized.net//images/wappen/head/1164.png?lm=1459583517,main_transfermarkt,,,
12.0,as-rom,AS Roma,ITA,IT1,https://tmssl.akamaized.net//images/wappen/head/12.png?lm=1751979202,main_transfermarkt,,,
12301.0,club-atletico-aldosivi,CA Aldosivi,ARG,ARGC,https://tmssl.akamaized.net//images/wappen/head/12301.png?lm=1597769616,main_transfermarkt,,,
1234.0,club-atletico-independiente,CA Independiente,ARG,ARGC,https://tmssl.akamaized.net//images/wappen/head/1234.png?lm=1489920510,main_transfermarkt,,,
12321.0,fc-girona,Girona FC,ESP,ES1,https://tmssl.akamaized.net//images/wappen/head/12321.png?lm=1730455718,main_transfermarkt,,,
1237.0,brighton-amp-hove-albion,Brighton & Hove Albion,ENG,GB1,https://tmssl.akamaized.net//images/wappen/head/1237.png?lm=1492718902,main_transfermarkt,,,
120.0,kocaelispor,Kocaelispor,TUR,TR1,https://tmssl.akamaized.net//images/wappen/head/120.png?lm=1753430297,main_transfermarkt,,,
1244.0,cd-leganes,CD Leganés,ESP,ES2,https://tmssl.akamaized.net//images/wappen/head/1244.png?lm=1422972468,main_transfermarkt,,,
12454.0,club-atletico-sarmiento-junin-,CA Sarmiento (Junin),ARG,ARGC,https://tmssl.akamaized.net//images/wappen/head/12454.png?lm=1573855879,main_transfermarkt,,,
1247.0,colorado-rapids,Colorado Rapids,USA,MLS1,https://tmssl.akamaized.net//images/wappen/head/1247.png?lm=1483887816,main_transfermarkt,,,
126.0,caykur-rizespor,Caykur Rizespor,TUR,TR1,https://tmssl.akamaized.net//images/wappen/head/126.png?lm=1753432348,main_transfermarkt,,,
12179.0,independiente-rivadavia,CS Independiente Rivadavia,ARG,ARGC,https://tmssl.akamaized.net//images/wappen/head/12179.png?lm=1658260209,main_transfermarkt,,,
12574.0,club-deportivo-godoy-cruz-antonio-tomba,CD Godoy Cruz Antonio Tomba,ARG,ARGC,https://tmssl.akamaized.net//images/wappen/head/12574.png?lm=1412763466,main_transfermarkt,,,
127.0,sc-paderborn-07,SC Paderborn 07,DEU,L2,https://tmssl.akamaized.net//images/wappen/head/127.png?lm=1532010365,main_transfermarkt,,,
1286.0,club-atletico-newells-old-boys,Club Atlético Newell's Old Boys,ARG,ARGC,https://tmssl.akamaized.net//images/wappen/head/1286.png?lm=1622640330,main_transfermarkt,,,
130.0,parma-calcio-1913,Parma Calcio 1913,ITA,IT1,https://tmssl.akamaized.net//images/wappen/head/130.png?lm=1530945992,main_transfermarkt,,,
129.0,sg-dynamo-dresden,SG Dynamo Dresden,DEU,L2,https://tmssl.akamaized.net//images/wappen/head/129.png?lm=1403259018,main_transfermarkt,,,
13.0,atletico-madrid,Atlético de Madrid,ESP,ES1,https://tmssl.akamaized.net//images/wappen/head/13.png?lm=1719915566,main_transfermarkt,,,
1290.0,grenoble-foot-38,Grenoble Foot 38,FRA,FR2,https://tmssl.akamaized.net//images/wappen/head/1290.png?lm=1711388247,main_transfermarkt,,,
131.0,fc-barcelona,FC Barcelona,ESP,ES1,https://tmssl.akamaized.net//images/wappen/head/131.png?lm=1406739548,main_transfermarkt,,,
13222.0,cd-mirandes,CD Mirandés,ESP,ES2,https://tmssl.akamaized.net//images/wappen/head/13222.png?lm=1407484616,main_transfermarkt,,,
1385.0,modena-fc-2018,Modena FC,ITA,IT2,https://tmssl.akamaized.net//images/wappen/head/1385.png?lm=1657012115,main_transfermarkt,,,
1390.0,cagliari-calcio,Cagliari Calcio,ITA,IT1,https://tmssl.akamaized.net//images/wappen/head/1390.png?lm=1626441409,main_transfermarkt,,,
142.0,real-saragossa,Real Zaragoza,ESP,ES2,https://tmssl.akamaized.net//images/wappen/head/142.png?lm=1405877974,main_transfermarkt,,,
141.0,galatasaray-istanbul,Galatasaray,TUR,TR1,https://tmssl.akamaized.net//images/wappen/head/141.png?lm=1406739071,main_transfermarkt,,,
1421.0,stade-reims,Stade Reims,FRA,FR2,https://tmssl.akamaized.net//images/wappen/head/1421.png?lm=1592601839,main_transfermarkt,,,
1420.0,sco-angers,Angers SCO,FRA,FR1,https://tmssl.akamaized.net//images/wappen/head/1420.png?lm=1687525425,main_transfermarkt,,,
1444.0,racing-club,Racing Club,ARG,ARGC,https://tmssl.akamaized.net//images/wappen/head/1444.png?lm=1412762689,main_transfermarkt,,,
1418.0,club-atletico-rosario-central,CA Rosario Central,ARG,ARGC,https://tmssl.akamaized.net//images/wappen/head/1418.png?lm=1751129149,main_transfermarkt,,,
1429.0,cesena-fc,Cesena FC,ITA,IT2,https://tmssl.akamaized.net//images/wappen/head/1429.png?lm=1539765803,main_transfermarkt,,,
1465.0,gd-estoril-praia,GD Estoril Praia,PRT,PO1,https://tmssl.akamaized.net//images/wappen/head/1465.png?lm=1534340702,main_transfermarkt,,,
1467.0,goztepe,Göztepe,TUR,TR1,https://tmssl.akamaized.net//images/wappen/head/1467.png?lm=1753429550,main_transfermarkt,,,
1416.0,amiens-sc,Amiens SC,FRA,FR2,https://tmssl.akamaized.net//images/wappen/head/1416.png?lm=1688037499,main_transfermarkt,,,
148.0,tottenham-hotspur,Tottenham Hotspur,ENG,GB1,https://tmssl.akamaized.net//images/wappen/head/148.png?lm=1732011953,main_transfermarkt,,,
150.0,real-betis-sevilla,Real Betis Balompié,ESP,ES1,https://tmssl.akamaized.net//images/wappen/head/150.png?lm=1663358526,main_transfermarkt,,,
15.0,bayer-04-leverkusen,Bayer 04 Leverkusen,DEU,L1,https://tmssl.akamaized.net//images/wappen/head/15.png?lm=1710156317,main_transfermarkt,,,
1531.0,fc-elche,Elche CF,ESP,ES1,https://tmssl.akamaized.net//images/wappen/head/1531.png?lm=1421955260,main_transfermarkt,,,
1532.0,albacete-balompie,Albacete Balompié,ESP,ES2,https://tmssl.akamaized.net//images/wappen/head/1532.png?lm=1407563756,main_transfermarkt,,,
1536.0,burgos-cf,Burgos CF,ESP,ES2,https://tmssl.akamaized.net//images/wappen/head/1536.png?lm=1695651736,main_transfermarkt,,,
152.0,samsunspor,Samsunspor,TUR,TR1,https://tmssl.akamaized.net//images/wappen/head/152.png?lm=1753432411,main_transfermarkt,,,
14554.0,club-atletico-tucuman,Club Atlético Tucumán,ARG,ARGC,https://tmssl.akamaized.net//images/wappen/head/14554.png?lm=1487496550,main_transfermarkt,,,
1533.0,sd-eibar,SD Eibar,ESP,ES2,https://tmssl.akamaized.net//images/wappen/head/1533.png?lm=1722693682,main_transfermarkt,,,
16.0,borussia-dortmund,Borussia Dortmund,DEU,L1,https://tmssl.akamaized.net//images/wappen/head/16.png?lm=1396275280,main_transfermarkt,,,
157.0,kaa-gent,KAA Gent,BEL,BE1,https://tmssl.akamaized.net//images/wappen/head/157.png?lm=1715694765,main_transfermarkt,,,
164.0,blackburn-rovers,Blackburn Rovers,ENG,GB2,https://tmssl.akamaized.net//images/wappen/head/164.png?lm=1495228542,main_transfermarkt,,,
162.0,as-monaco,AS Monaco,MCO,FR1,https://tmssl.akamaized.net//images/wappen/head/162.png?lm=1654781919,main_transfermarkt,,,
16795.0,fc-granada,Granada CF,ESP,ES2,https://tmssl.akamaized.net//images/wappen/head/16795.png?lm=1724157697,main_transfermarkt,,,
167.0,fc-augsburg,FC Augsburg,DEU,L1,https://tmssl.akamaized.net//images/wappen/head/167.png?lm=1656582897,main_transfermarkt,,,
172.0,rsc-charleroi,Royal Charleroi SC,BEL,BE1,https://tmssl.akamaized.net//images/wappen/head/172.png?lm=1448474590,main_transfermarkt,,,
180.0,fc-southampton,Southampton FC,ENG,GB2,https://tmssl.akamaized.net//images/wappen/head/180.png?lm=1444560086,main_transfermarkt,,,
1775.0,club-atletico-san-lorenzo-de-almagro,CA San Lorenzo de Almagro,ARG,ARGC,https://tmssl.akamaized.net//images/wappen/head/1775.png?lm=1723433116,main_transfermarkt,,,
1829.0,instituto-ac-cordoba,Instituto ACC,ARG,ARGC,https://tmssl.akamaized.net//images/wappen/head/1829.png?lm=1672243566,main_transfermarkt,,,
18.0,borussia-monchengladbach,Borussia Mönchengladbach,DEU,L1,https://tmssl.akamaized.net//images/wappen/head/18.png?lm=1656585796,main_transfermarkt,,,
189.0,club-atletico-boca-juniors,CA Boca Juniors,ARG,ARGC,https://tmssl.akamaized.net//images/wappen/head/189.png?lm=1511621129,main_transfermarkt,,,
187.0,1-fc-magdeburg,1.FC Magdeburg,DEU,L2,https://tmssl.akamaized.net//images/wappen/head/187.png?lm=1559905461,main_transfermarkt,,,
199.0,corinthians-sao-paulo,Sport Club Corinthians Paulista,BRA,BRA1,https://tmssl.akamaized.net//images/wappen/head/199.png?lm=1649430398,main_transfermarkt,,,
2.0,1-fc-kaiserslautern,1.FC Kaiserslautern,DEU,L2,https://tmssl.akamaized.net//images/wappen/head/2.png?lm=1580920736,main_transfermarkt,,,
19775.0,cd-riestra,Club Deportivo Riestra,ARG,ARGC,https://tmssl.akamaized.net//images/wappen/head/19775.png?lm=1487795829,main_transfermarkt,,,
2029.0,ceara-sporting-club,Ceará Sporting Club,BRA,BRA1,https://tmssl.akamaized.net//images/wappen/head/2029.png?lm=1437429449,main_transfermarkt,,,
20519.0,virtus-entella,Virtus Entella,ITA,IT2,https://tmssl.akamaized.net//images/wappen/head/20519.png?lm=1424769530,main_transfermarkt,,,
2036.0,1-fc-heidenheim-1846,1.FC Heidenheim 1846,DEU,L1,https://tmssl.akamaized.net//images/wappen/head/2036.png?lm=1685457789,main_transfermarkt,,,
2063.0,club-atletico-huracan,CA Huracán,ARG,ARGC,https://tmssl.akamaized.net//images/wappen/head/2063.png?lm=1462377063,main_transfermarkt,,,
209.0,club-atletico-river-plate,CA River Plate,ARG,ARGC,https://tmssl.akamaized.net//images/wappen/head/209.png?lm=1645539487,main_transfermarkt,,,
210.0,gremio-porto-alegre,Grêmio Foot-Ball Porto Alegrense,BRA,BRA1,https://tmssl.akamaized.net//images/wappen/head/210.png?lm=1412879265,main_transfermarkt,,,
2125.0,esporte-clube-vitoria,Esporte Clube Vitória,BRA,BRA1,https://tmssl.akamaized.net//images/wappen/head/2125.png?lm=1412879373,main_transfermarkt,,,
22.0,derby-county,Derby County,ENG,GB2,https://tmssl.akamaized.net//images/wappen/head/22.png?lm=1407654006,main_transfermarkt,,,
218.0,san-jose-earthquakes,San Jose Earthquakes,USA,MLS1,https://tmssl.akamaized.net//images/wappen/head/218.png?lm=1410197504,main_transfermarkt,,,
2239.0,us-cremonese,US Cremonese,ITA,IT1,https://tmssl.akamaized.net//images/wappen/head/2239.png?lm=1501770762,main_transfermarkt,,,
221.0,fc-santos,Santos FC,BRA,BRA1,https://tmssl.akamaized.net//images/wappen/head/221.png?lm=1412879099,main_transfermarkt,,,
2282.0,fc-brugge,Club Brugge KV,BEL,BE1,https://tmssl.akamaized.net//images/wappen/head/2282.png?lm=1716279106,main_transfermarkt,,,
23.0,eintracht-braunschweig,Eintracht Braunschweig,DEU,L2,https://tmssl.akamaized.net//images/wappen/head/23.png?lm=1545376138,main_transfermarkt,,,
2293.0,konyaspor,Konyaspor,TUR,TR1,https://tmssl.akamaized.net//images/wappen/head/2293.png?lm=1753430360,main_transfermarkt,,,
2288.0,swansea-city,Swansea City,WAL,GB2,https://tmssl.akamaized.net//images/wappen/head/2288.png?lm=1752825825,main_transfermarkt,,,
2331.0,us-avellino-1912,US Avellino 1912,ITA,IT2,https://tmssl.akamaized.net//images/wappen/head/2331.png?lm=1446296368,main_transfermarkt,,,
24.0,eintracht-frankfurt,Eintracht Frankfurt,DEU,L1,https://tmssl.akamaized.net//images/wappen/head/24.png?lm=1700074979,main_transfermarkt,,,
237.0,rcd-mallorca,RCD Mallorca,ESP,ES1,https://tmssl.akamaized.net//images/wappen/head/237.png?lm=1407484750,main_transfermarkt,,,
23826.0,rasenballsport-leipzig,RB Leipzig,DEU,L1,https://tmssl.akamaized.net//images/wappen/head/23826.png?lm=1619431624,main_transfermarkt,,,
2417.0,ca-belgrano,Club Atlético Belgrano,ARG,ARGC,https://tmssl.akamaized.net//images/wappen/head/2417.png?lm=1707233829,main_transfermarkt,,,
2402.0,defensa-y-justicia,Defensa y Justicia,ARG,ARGC,https://tmssl.akamaized.net//images/wappen/head/2402.png?lm=1642110776,main_transfermarkt,,,
2425.0,rio-ave-fc,Rio Ave FC,PRT,PO1,https://tmssl.akamaized.net//images/wappen/head/2425.png?lm=1516613968,main_transfermarkt,,,
2423.0,cd-santa-clara,CD Santa Clara,PRT,PO1,https://tmssl.akamaized.net//images/wappen/head/2423.png?lm=1718909294,main_transfermarkt,,,
2420.0,vitoria-guimaraes-sc,Vitória Guimarães SC,PRT,PO1,https://tmssl.akamaized.net//images/wappen/head/2420.png?lm=1432894021,main_transfermarkt,,,
2424.0,gil-vicente-fc,Gil Vicente FC,PRT,PO1,https://tmssl.akamaized.net//images/wappen/head/2424.png?lm=1624283300,main_transfermarkt,,,
2440.0,d-c-united,D.C. United,USA,MLS1,https://tmssl.akamaized.net//images/wappen/head/2440.png?lm=1450113961,main_transfermarkt,,,
2448.0,sporting-gijon,Sporting Gijón,ESP,ES2,https://tmssl.akamaized.net//images/wappen/head/2448.png?lm=1693991414,main_transfermarkt,,,
2431.0,cf-estrela-amadora-sad,CF Estrela Amadora,PRT,PO1,https://tmssl.akamaized.net//images/wappen/head/2431.png?lm=1743687810,main_transfermarkt,,,
244.0,olympique-marseille,Olympique Marseille,FRA,FR1,https://tmssl.akamaized.net//images/wappen/head/244.png?lm=1485642163,main_transfermarkt,,,
2497.0,real-oviedo,Real Oviedo,ESP,ES1,https://tmssl.akamaized.net//images/wappen/head/2497.png?lm=1417193316,main_transfermarkt,,,
2462.0,fluminense-rio-de-janeiro,Fluminense Football Club,BRA,BRA1,https://tmssl.akamaized.net//images/wappen/head/2462.png?lm=1648225934,main_transfermarkt,,,
2502.0,cd-castellon,CD Castellón,ESP,ES2,https://tmssl.akamaized.net//images/wappen/head/2502.png?lm=1648726491,main_transfermarkt,,,
25184.0,club-atletico-barracas-central,CA Barracas Central,ARG,ARGC,https://tmssl.akamaized.net//images/wappen/head/25184.png?lm=1454105440,main_transfermarkt,,,
25467.0,philadelphia-union,Philadelphia Union,USA,MLS1,https://tmssl.akamaized.net//images/wappen/head/25467.png?lm=1518870543,main_transfermarkt,,,
2521.0,fc-alverca,FC Alverca,PRT,PO1,https://tmssl.akamaized.net//images/wappen/head/2521.png?lm=1468133408,main_transfermarkt,,,
252.0,genua-cfc,Genoa CFC,ITA,IT1,https://tmssl.akamaized.net//images/wappen/head/252.png?lm=1655305880,main_transfermarkt,,,
2581.0,mantova-1911,Mantova 1911,ITA,IT2,https://tmssl.akamaized.net//images/wappen/head/2581.png?lm=1719392715,main_transfermarkt,,,
269.0,holstein-kiel,Holstein Kiel,DEU,L2,https://tmssl.akamaized.net//images/wappen/head/269.png?lm=1740400529,main_transfermarkt,,,
2687.0,fc-cadiz,Cádiz CF,ESP,ES2,https://tmssl.akamaized.net//images/wappen/head/2687.png?lm=1683542431,main_transfermarkt,,,
27.0,fc-bayern-munchen,Bayern Munich,DEU,L1,https://tmssl.akamaized.net//images/wappen/head/27.png?lm=1729503608,main_transfermarkt,,,
273.0,fc-stade-rennes,Stade Rennais FC,FRA,FR1,https://tmssl.akamaized.net//images/wappen/head/273.png?lm=1691503972,main_transfermarkt,,,
2727.0,oud-heverlee-leuven,Oud-Heverlee Leuven,BEL,BE1,https://tmssl.akamaized.net//images/wappen/head/2727.png?lm=1723796027,main_transfermarkt,,,
276.0,hellas-verona,Hellas Verona,ITA,IT1,https://tmssl.akamaized.net//images/wappen/head/276.png?lm=1617228746,main_transfermarkt,,,
2832.0,gaziantep-fk,Gaziantep FK,TUR,TR1,https://tmssl.akamaized.net//images/wappen/head/2832.png?lm=1753429399,main_transfermarkt,,,
281.0,manchester-city,Manchester City,ENG,GB1,https://tmssl.akamaized.net//images/wappen/head/281.png?lm=1467356331,main_transfermarkt,,,
289.0,afc-sunderland,Sunderland AFC,ENG,GB1,https://tmssl.akamaized.net//images/wappen/head/289.png?lm=1485645633,main_transfermarkt,,,
288.0,club-estudiantes-de-la-plata,Club Estudiantes de La Plata,ARG,ARGC,https://tmssl.akamaized.net//images/wappen/head/288.png?lm=1615331978,main_transfermarkt,,,
290.0,aj-auxerre,AJ Auxerre,FRA,FR1,https://tmssl.akamaized.net//images/wappen/head/290.png?lm=1635851977,main_transfermarkt,,,
2921.0,delfino-pescara-1936,Delfino Pescara 1936,ITA,IT2,https://tmssl.akamaized.net//images/wappen/head/2921.png?lm=1517054151,main_transfermarkt,,,
29.0,fc-everton,Everton FC,ENG,GB1,https://tmssl.akamaized.net//images/wappen/head/29.png?lm=1445949846,main_transfermarkt,,,
2919.0,ac-monza,AC Monza,ITA,IT2,https://tmssl.akamaized.net//images/wappen/head/2919.png?lm=1562072734,main_transfermarkt,,,
294.0,benfica-lissabon,SL Benfica,PRT,PO1,https://tmssl.akamaized.net//images/wappen/head/294.png?lm=1535908439,main_transfermarkt,,,
3037.0,calcio-padova,Calcio Padova,ITA,IT2,https://tmssl.akamaized.net//images/wappen/head/3037.png?lm=1661941959,main_transfermarkt,,,
30204.0,fc-annecy,FC Annecy,FRA,FR2,https://tmssl.akamaized.net//images/wappen/head/30204.png?lm=1720884905,main_transfermarkt,,,
3008.0,hull-city,Hull City,ENG,GB2,https://tmssl.akamaized.net//images/wappen/head/3008.png?lm=1562662491,main_transfermarkt,,,
3.0,1-fc-koln,1.FC Köln,DEU,L1,https://tmssl.akamaized.net//images/wappen/head/3.png?lm=1656580823,main_transfermarkt,,,
3057.0,standard-luttich,Standard Liège,BEL,BE1,https://tmssl.akamaized.net//images/wappen/head/3057.png?lm=1719832545,main_transfermarkt,,,
31.0,fc-liverpool,Liverpool FC,ENG,GB1,https://tmssl.akamaized.net//images/wappen/head/31.png?lm=1727873452,main_transfermarkt,,,
31284.0,club-atletico-central-cordoba-sde-,CA Central Córdoba (SdE),ARG,ARGC,https://tmssl.akamaized.net//images/wappen/head/31284.png?lm=1548266049,main_transfermarkt,,,
3166.0,pau-fc,Pau FC,FRA,FR2,https://tmssl.akamaized.net//images/wappen/head/3166.png?lm=1652729405,main_transfermarkt,,,
3205.0,kayserispor,Kayserispor,TUR,TR1,https://tmssl.akamaized.net//images/wappen/head/3205.png?lm=1753430186,main_transfermarkt,,,
3268.0,casa-pia-ac,Casa Pia AC,PRT,PO1,https://tmssl.akamaized.net//images/wappen/head/3268.png?lm=1742856850,main_transfermarkt,,,
33.0,fc-schalke-04,FC Schalke 04,DEU,L2,https://tmssl.akamaized.net//images/wappen/head/33.png?lm=1656580846,main_transfermarkt,,,
3302.0,ud-almeria,UD Almería,ESP,ES2,https://tmssl.akamaized.net//images/wappen/head/3302.png?lm=1736335439,main_transfermarkt,,,
331.0,ca-osasuna,CA Osasuna,ESP,ES1,https://tmssl.akamaized.net//images/wappen/head/331.png?lm=1686070937,main_transfermarkt,,,
332.0,ssc-bari,SSC Bari,ITA,IT2,https://tmssl.akamaized.net//images/wappen/head/332.png?lm=1536916058,main_transfermarkt,,,
330.0,clube-atletico-mineiro,Clube Atlético Mineiro,BRA,BRA1,https://tmssl.akamaized.net//images/wappen/head/330.png?lm=1411033853,main_transfermarkt,,,
333.0,club-atletico-lanus,CA Lanús,ARG,ARGC,https://tmssl.akamaized.net//images/wappen/head/333.png?lm=1411033921,main_transfermarkt,,,
3329.0,fc-famalicao,FC Famalicão,PRT,PO1,https://tmssl.akamaized.net//images/wappen/head/3329.png?lm=1737563329,main_transfermarkt,,,
336.0,sporting-lissabon,Sporting CP,PRT,PO1,https://tmssl.akamaized.net//images/wappen/head/336.png?lm=1621513752,main_transfermarkt,,,
337.0,birmingham-city,Birmingham City,ENG,GB2,https://tmssl.akamaized.net//images/wappen/head/337.png?lm=1672321276,main_transfermarkt,,,
3368.0,ud-levante,Levante UD,ESP,ES1,https://tmssl.akamaized.net//images/wappen/head/3368.png?lm=1408655062,main_transfermarkt,,,
347.0,fc-metz,FC Metz,FRA,FR1,https://tmssl.akamaized.net//images/wappen/head/347.png?lm=1625391843,main_transfermarkt,,,
350.0,sheffield-united,Sheffield United,ENG,GB2,https://tmssl.akamaized.net//images/wappen/head/350.png?lm=1409254138,main_transfermarkt,,,
3524.0,clermont-foot-63,Clermont Foot 63,FRA,FR2,https://tmssl.akamaized.net//images/wappen/head/3524.png?lm=1625739356,main_transfermarkt,,,
35.0,fc-st-pauli,FC St. Pauli,DEU,L1,https://tmssl.akamaized.net//images/wappen/head/35.png?lm=1521036360,main_transfermarkt,,,
3508.0,sv-zulte-waregem,Zulte Waregem,BEL,BE1,https://tmssl.akamaized.net//images/wappen/head/3508.png?lm=1420103130,main_transfermarkt,,,
354.0,kv-mechelen,KV Mechelen,BEL,BE1,https://tmssl.akamaized.net//images/wappen/head/354.png?lm=1693258903,main_transfermarkt,,,
358.0,charlton-athletic,Charlton Athletic,ENG,GB2,https://tmssl.akamaized.net//images/wappen/head/358.png?lm=1448178743,main_transfermarkt,,,
3522.0,spezia-calcio,Spezia Calcio,ITA,IT2,https://tmssl.akamaized.net//images/wappen/head/3522.png?lm=1751366796,main_transfermarkt,,,
36.0,fenerbahce-istanbul,Fenerbahce,TUR,TR1,https://tmssl.akamaized.net//images/wappen/head/36.png?lm=1753429185,main_transfermarkt,,,
367.0,rayo-vallecano,Rayo Vallecano,ESP,ES1,https://tmssl.akamaized.net//images/wappen/head/367.png?lm=1653488445,main_transfermarkt,,,
366.0,real-valladolid,Real Valladolid CF,ESP,ES2,https://tmssl.akamaized.net//images/wappen/head/366.png?lm=1720163563,main_transfermarkt,,,
368.0,fc-sevilla,Sevilla FC,ESP,ES1,https://tmssl.akamaized.net//images/wappen/head/368.png?lm=1730896593,main_transfermarkt,,,
3709.0,fc-getafe,Getafe CF,ESP,ES1,https://tmssl.akamaized.net//images/wappen/head/3709.png?lm=1408655116,main_transfermarkt,,,
379.0,west-ham-united,West Ham United,ENG,GB1,https://tmssl.akamaized.net//images/wappen/head/379.png?lm=1464675260,main_transfermarkt,,,
38.0,fortuna-dusseldorf,Fortuna Düsseldorf,DEU,L2,https://tmssl.akamaized.net//images/wappen/head/38.png?lm=1405514004,main_transfermarkt,,,
3876.0,mirassol-futebol-clube-sp-,Mirassol Futebol Clube (SP),BRA,BRA1,https://tmssl.akamaized.net//images/wappen/head/3876.png?lm=1585083395,main_transfermarkt,,,
39.0,1-fsv-mainz-05,1.FSV Mainz 05,DEU,L1,https://tmssl.akamaized.net//images/wappen/head/39.png?lm=1564748880,main_transfermarkt,,,
3911.0,stade-brest-29,Stade Brestois 29,FRA,FR1,https://tmssl.akamaized.net//images/wappen/head/3911.png?lm=1408780312,main_transfermarkt,,,
3901.0,raal-la-louviere,RAAL La Louvière,BEL,BE1,https://tmssl.akamaized.net//images/wappen/head/3901.png?lm=1752058395,main_transfermarkt,,,
3938.0,club-atletico-talleres,CA Talleres,ARG,ARGC,https://tmssl.akamaized.net//images/wappen/head/3938.png?lm=1636589988,main_transfermarkt,,,
3948.0,royale-union-saint-gilloise,Union Saint-Gilloise,BEL,BE1,https://tmssl.akamaized.net//images/wappen/head/3948.png?lm=1624390507,main_transfermarkt,,,
4.0,1-fc-nurnberg,1.FC Nuremberg,DEU,L2,https://tmssl.akamaized.net//images/wappen/head/4.png?lm=1525459914,main_transfermarkt,,,
398.0,lazio-rom,SS Lazio,ITA,IT1,https://tmssl.akamaized.net//images/wappen/head/398.png?lm=1601537785,main_transfermarkt,,,
40058.0,new-york-city-fc,New York City FC,USA,MLS1,https://tmssl.akamaized.net//images/wappen/head/40058.png?lm=1726077065,main_transfermarkt,,,
399.0,leeds-united,Leeds United,ENG,GB1,https://tmssl.akamaized.net//images/wappen/head/399.png?lm=1645652224,main_transfermarkt,,,
405.0,aston-villa,Aston Villa,ENG,GB1,https://tmssl.akamaized.net//images/wappen/head/405.png?lm=1717155982,main_transfermarkt,,,
4078.0,club-de-foot-montreal,CF Montréal,CAN,MLS1,https://tmssl.akamaized.net//images/wappen/head/4078.png?lm=1668716810,main_transfermarkt,,,
410.0,udinese-calcio,Udinese Calcio,ITA,IT1,https://tmssl.akamaized.net//images/wappen/head/410.png?lm=1688982584,main_transfermarkt,,,
41.0,hamburger-sv,Hamburger SV,DEU,L1,https://tmssl.akamaized.net//images/wappen/head/41.png?lm=1597319274,main_transfermarkt,,,
4097.0,us-catanzaro,US Catanzaro,ITA,IT2,https://tmssl.akamaized.net//images/wappen/head/4097.png?lm=1567460762,main_transfermarkt,,,
415.0,fc-toulouse,FC Toulouse,FRA,FR1,https://tmssl.akamaized.net//images/wappen/head/415.png?lm=1740065124,main_transfermarkt,,,
416.0,fc-turin,Torino FC,ITA,IT1,https://tmssl.akamaized.net//images/wappen/head/416.png?lm=1438548174,main_transfermarkt,,,
4159.0,carrarese-calcio-1908,Carrarese Calcio 1908,ITA,IT2,https://tmssl.akamaized.net//images/wappen/head/4159.png?lm=1719392824,main_transfermarkt,,,
4172.0,ac-pisa-1909,Pisa Sporting Club,ITA,IT1,https://tmssl.akamaized.net//images/wappen/head/4172.png?lm=1693294828,main_transfermarkt,,,
42.0,hannover-96,Hannover 96,DEU,L2,https://tmssl.akamaized.net//images/wappen/head/42.png?lm=1625590625,main_transfermarkt,,,
417.0,ogc-nizza,OGC Nice,FRA,FR1,https://tmssl.akamaized.net//images/wappen/head/417.png?lm=1408779490,main_transfermarkt,,,
418.0,real-madrid,Real Madrid,ESP,ES1,https://tmssl.akamaized.net//images/wappen/head/418.png?lm=1729684474,main_transfermarkt,,,
4291.0,portland-timbers,Portland Timbers,USA,MLS1,https://tmssl.akamaized.net//images/wappen/head/4291.png?lm=1549058121,main_transfermarkt,,,
430.0,ac-florenz,ACF Fiorentina,ITA,IT1,https://tmssl.akamaized.net//images/wappen/head/430.png?lm=1722844765,main_transfermarkt,,,
432.0,chicago-fire-fc,Chicago Fire FC,USA,MLS1,https://tmssl.akamaized.net//images/wappen/head/432.png?lm=1634667489,main_transfermarkt,,,
4284.0,sporting-kansas-city,Sporting Kansas City,USA,MLS1,https://tmssl.akamaized.net//images/wappen/head/4284.png?lm=1520721827,main_transfermarkt,,,
44.0,hertha-bsc,Hertha BSC,DEU,L2,https://tmssl.akamaized.net//images/wappen/head/44.png?lm=1656580875,main_transfermarkt,,,
4542.0,cultural-leonesa,Cultural Leonesa,ESP,ES2,https://tmssl.akamaized.net//images/wappen/head/4542.png?lm=1517666376,main_transfermarkt,,,
449.0,trabzonspor,Trabzonspor,TUR,TR1,https://tmssl.akamaized.net//images/wappen/head/449.png?lm=1727269339,main_transfermarkt,,,
45604.0,orlando-city-sc,Orlando City SC,USA,MLS1,https://tmssl.akamaized.net//images/wappen/head/45604.png?lm=1412248067,main_transfermarkt,,,
46.0,inter-mailand,Inter Milan,ITA,IT1,https://tmssl.akamaized.net//images/wappen/head/46.png?lm=1618900989,main_transfermarkt,,,
4554.0,fc-sudtirol,FC Südtirol,ITA,IT2,https://tmssl.akamaized.net//images/wappen/head/4554.png?lm=1465161205,main_transfermarkt,,,
472.0,ud-las-palmas,UD Las Palmas,ESP,ES2,https://tmssl.akamaized.net//images/wappen/head/472.png?lm=1407484865,main_transfermarkt,,,
458.0,palermo-fc,Palermo FC,ITA,IT2,https://tmssl.akamaized.net//images/wappen/head/458.png?lm=1701339000,main_transfermarkt,,,
475.0,vv-st-truiden,Sint-Truidense VV,BEL,BE1,https://tmssl.akamaized.net//images/wappen/head/475.png?lm=1448474474,main_transfermarkt,,,
48.0,karlsruher-sc,Karlsruher SC,DEU,L2,https://tmssl.akamaized.net//images/wappen/head/48.png?lm=1434793006,main_transfermarkt,,,
466.0,preston-north-end,Preston North End,ENG,GB2,https://tmssl.akamaized.net//images/wappen/head/466.png?lm=1414769167,main_transfermarkt,,,
5.0,ac-mailand,AC Milan,ITA,IT1,https://tmssl.akamaized.net//images/wappen/head/5.png?lm=1605166627,main_transfermarkt,,,
512.0,stoke-city,Stoke City,ENG,GB2,https://tmssl.akamaized.net//images/wappen/head/512.png?lm=1472243727,main_transfermarkt,,,
51663.0,atlanta-united-fc,Atlanta United FC,USA,MLS1,https://tmssl.akamaized.net//images/wappen/head/51663.png?lm=1478716243,main_transfermarkt,,,
51772.0,fc-cincinnati,FC Cincinnati,USA,MLS1,https://tmssl.akamaized.net//images/wappen/head/51772.png?lm=1543266460,main_transfermarkt,,,
520.0,cercle-brugge,Cercle Brugge,BEL,BE1,https://tmssl.akamaized.net//images/wappen/head/520.png?lm=1713864588,main_transfermarkt,,,
51828.0,los-angeles-fc,Los Angeles FC,USA,MLS1,https://tmssl.akamaized.net//images/wappen/head/51828.png?lm=1511112738,main_transfermarkt,,,
506.0,juventus-turin,Juventus FC,ITA,IT1,https://tmssl.akamaized.net//images/wappen/head/506.png?lm=1626441487,main_transfermarkt,,,
5358.0,sd-huesca,SD Huesca,ESP,ES2,https://tmssl.akamaized.net//images/wappen/head/5358.png?lm=1726751837,main_transfermarkt,,,
537.0,botafogo-rio-de-janeiro,Botafogo de Futebol e Regatas,BRA,BRA1,https://tmssl.akamaized.net//images/wappen/head/537.png?lm=1651494898,main_transfermarkt,,,
533.0,tsg-1899-hoffenheim,TSG 1899 Hoffenheim,DEU,L1,https://tmssl.akamaized.net//images/wappen/head/533.png?lm=1675591766,main_transfermarkt,,,
56089.0,minnesota-united-fc,Minnesota United FC,USA,MLS1,https://tmssl.akamaized.net//images/wappen/head/56089.png?lm=1474755528,main_transfermarkt,,,
5587.0,ss-juve-stabia,SS Juve Stabia,ITA,IT2,https://tmssl.akamaized.net//images/wappen/head/5587.png?lm=1731306677,main_transfermarkt,,,
5621.0,ac-reggiana-1919,AC Reggiana 1919,ITA,IT2,https://tmssl.akamaized.net//images/wappen/head/5621.png?lm=1732610021,main_transfermarkt,,,
543.0,wolverhampton-wanderers,Wolverhampton Wanderers,ENG,GB1,https://tmssl.akamaized.net//images/wappen/head/543.png?lm=1467496784,main_transfermarkt,,,
58.0,rsc-anderlecht,RSC Anderlecht,BEL,BE1,https://tmssl.akamaized.net//images/wappen/head/58.png?lm=1718695206,main_transfermarkt,,,
585.0,fc-sao-paulo,São Paulo Futebol Clube,BRA,BRA1,https://tmssl.akamaized.net//images/wappen/head/585.png?lm=1409133922,main_transfermarkt,,,
595.0,sc-bastia,SC Bastia,FRA,FR2,https://tmssl.akamaized.net//images/wappen/head/595.png?lm=1721932444,main_transfermarkt,,,
60.0,sc-freiburg,SC Freiburg,DEU,L1,https://tmssl.akamaized.net//images/wappen/head/60.png?lm=1517249279,main_transfermarkt,,,
583.0,fc-paris-saint-germain,Paris Saint-Germain,FRA,FR1,https://tmssl.akamaized.net//images/wappen/head/583.png?lm=1728026461,main_transfermarkt,,,
609.0,ec-cruzeiro-belo-horizonte,Cruzeiro Esporte Clube,BRA,BRA1,https://tmssl.akamaized.net//images/wappen/head/609.png?lm=1757639240,main_transfermarkt,,,
618.0,as-saint-etienne,AS Saint-Étienne,FRA,FR2,https://tmssl.akamaized.net//images/wappen/head/618.png?lm=1658260152,main_transfermarkt,,,
614.0,flamengo-rio-de-janeiro,CR Flamengo,BRA,BRA1,https://tmssl.akamaized.net//images/wappen/head/614.png?lm=1551023331,main_transfermarkt,,,
6195.0,ssc-neapel,SSC Napoli,ITA,IT1,https://tmssl.akamaized.net//images/wappen/head/6195.png?lm=1753167643,main_transfermarkt,,,
621.0,athletic-bilbao,Athletic Bilbao,ESP,ES1,https://tmssl.akamaized.net//images/wappen/head/621.png?lm=1695069038,main_transfermarkt,,,
589.0,antalyaspor,Antalyaspor,TUR,TR1,https://tmssl.akamaized.net//images/wappen/head/589.png?lm=1753428974,main_transfermarkt,,,
626.0,new-england-revolution,New England Revolution,USA,MLS1,https://tmssl.akamaized.net//images/wappen/head/626.png?lm=1641076134,main_transfermarkt,,,
6321.0,vancouver-whitecaps-fc,Vancouver Whitecaps FC,CAN,MLS1,https://tmssl.akamaized.net//images/wappen/head/6321.png?lm=1420976934,main_transfermarkt,,,
631.0,fc-chelsea,Chelsea FC,ENG,GB1,https://tmssl.akamaized.net//images/wappen/head/631.png?lm=1682435911,main_transfermarkt,,,
630.0,racing-santander,Racing Santander,ESP,ES2,https://tmssl.akamaized.net//images/wappen/head/630.png?lm=1407484479,main_transfermarkt,,,
607.0,venezia-fc,Venezia FC,ITA,IT2,https://tmssl.akamaized.net//images/wappen/head/607.png?lm=1657392944,main_transfermarkt,,,
623.0,new-york-red-bulls,New York Red Bulls,USA,MLS1,https://tmssl.akamaized.net//images/wappen/head/623.png?lm=1464530064,main_transfermarkt,,,
63966.0,nashville-sc,Nashville SC,USA,MLS1,https://tmssl.akamaized.net//images/wappen/head/63966.png?lm=1550768787,main_transfermarkt,,,
64.0,sv-07-elversberg,SV 07 Elversberg,DEU,L2,https://tmssl.akamaized.net//images/wappen/head/64.png?lm=1658300359,main_transfermarkt,,,
641.0,fc-middlesbrough,Middlesbrough FC,ENG,GB2,https://tmssl.akamaized.net//images/wappen/head/641.png?lm=1697546042,main_transfermarkt,,,
65.0,spvgg-greuther-furth,SpVgg Greuther Fürth,DEU,L2,https://tmssl.akamaized.net//images/wappen/head/65.png?lm=1503682935,main_transfermarkt,,,
6600.0,sc-internacional-porto-alegre,Sport Club Internacional,BRA,BRA1,https://tmssl.akamaized.net//images/wappen/head/6600.png?lm=1644878605,main_transfermarkt,,,
6574.0,us-sassuolo,US Sassuolo,ITA,IT1,https://tmssl.akamaized.net//images/wappen/head/6574.png?lm=1755894334,main_transfermarkt,,,
6646.0,fatih-karagumruk,Fatih Karagümrük,TUR,TR1,https://tmssl.akamaized.net//images/wappen/head/6646.png?lm=1753429757,main_transfermarkt,,,
6643.0,real-salt-lake-city,Real Salt Lake City,USA,MLS1,https://tmssl.akamaized.net//images/wappen/head/6643.png?lm=1410197995,main_transfermarkt,,,
667.0,rc-strassburg-alsace,RC Strasbourg Alsace,FRA,FR1,https://tmssl.akamaized.net//images/wappen/head/667.png?lm=1664991833,main_transfermarkt,,,
681.0,real-sociedad-san-sebastian,Real Sociedad,ESP,ES1,https://tmssl.akamaized.net//images/wappen/head/681.png?lm=1614795530,main_transfermarkt,,,
677.0,ipswich-town,Ipswich Town,ENG,GB2,https://tmssl.akamaized.net//images/wappen/head/677.png?lm=1407655249,main_transfermarkt,,,
6890.0,istanbul-basaksehir-fk,Basaksehir FK,TUR,TR1,https://tmssl.akamaized.net//images/wappen/head/6890.png?lm=1753429032,main_transfermarkt,,,
69261.0,inter-miami-cf,Inter Miami CF,USA,MLS1,https://tmssl.akamaized.net//images/wappen/head/69261.png?lm=1573561237,main_transfermarkt,,,
703.0,nottingham-forest,Nottingham Forest,ENG,GB1,https://tmssl.akamaized.net//images/wappen/head/703.png?lm=1598890289,main_transfermarkt,,,
7042.0,us-boulogne,US Boulogne,FRA,FR2,https://tmssl.akamaized.net//images/wappen/head/7042.png?lm=1750768700,main_transfermarkt,,,
698.0,bristol-city,Bristol City,ENG,GB2,https://tmssl.akamaized.net//images/wappen/head/698.png?lm=1571314125,main_transfermarkt,,,
7097.0,club-atletico-union,CA Unión (Santa Fe),ARG,ARGC,https://tmssl.akamaized.net//images/wappen/head/7097.png?lm=1517242630,main_transfermarkt,,,
7160.0,eyupspor,Eyüpspor,TUR,TR1,https://tmssl.akamaized.net//images/wappen/head/7160.png?lm=1753429120,main_transfermarkt,,,
7179.0,cd-tondela,CD Tondela,PRT,PO1,https://tmssl.akamaized.net//images/wappen/head/7179.png?lm=1506427804,main_transfermarkt,,,
714.0,espanyol-barcelona,RCD Espanyol Barcelona,ESP,ES1,https://tmssl.akamaized.net//images/wappen/head/714.png?lm=1406966369,main_transfermarkt,,,
720.0,fc-porto,FC Porto,PRT,PO1,https://tmssl.akamaized.net//images/wappen/head/720.png?lm=1486310161,main_transfermarkt,,,
72309.0,austin-fc,Austin FC,USA,MLS1,https://tmssl.akamaized.net//images/wappen/head/72309.png?lm=1549705034,main_transfermarkt,,,
738.0,ac-le-havre,Le Havre AC,FRA,FR1,https://tmssl.akamaized.net//images/wappen/head/738.png?lm=1408780648,main_transfermarkt,,,
749.0,fc-empoli,FC Empoli,ITA,IT2,https://tmssl.akamaized.net//images/wappen/head/749.png?lm=1626441481,main_transfermarkt,,,
762.0,newcastle-united,Newcastle United,ENG,GB1,https://tmssl.akamaized.net//images/wappen/head/762.png?lm=1472921161,main_transfermarkt,,,
79.0,vfb-stuttgart,VfB Stuttgart,DEU,L1,https://tmssl.akamaized.net//images/wappen/head/79.png?lm=1680587427,main_transfermarkt,,,
80.0,vfl-bochum,VfL Bochum,DEU,L2,https://tmssl.akamaized.net//images/wappen/head/80.png?lm=1656583090,main_transfermarkt,,,
800.0,atalanta-bergamo,Atalanta BC,ITA,IT1,https://tmssl.akamaized.net//images/wappen/head/800.png?lm=1438547428,main_transfermarkt,,,
78435.0,charlotte-fc,Charlotte FC,USA,MLS1,https://tmssl.akamaized.net//images/wappen/head/78435.png?lm=1595433219,main_transfermarkt,,,
8024.0,fc-arouca,FC Arouca,PRT,PO1,https://tmssl.akamaized.net//images/wappen/head/8024.png?lm=1530096604,main_transfermarkt,,,
820.0,genclerbirligi-ankara,Genclerbirligi Ankara,TUR,TR1,https://tmssl.akamaized.net//images/wappen/head/820.png?lm=1753429938,main_transfermarkt,,,
826.0,rc-lens,RC Lens,FRA,FR1,https://tmssl.akamaized.net//images/wappen/head/826.png?lm=1595457059,main_transfermarkt,,,
82686.0,st-louis-city-sc,St. Louis CITY SC,USA,MLS1,https://tmssl.akamaized.net//images/wappen/head/82686.png?lm=1597347681,main_transfermarkt,,,
830.0,club-atletico-banfield,CA Banfield,ARG,ARGC,https://tmssl.akamaized.net//images/wappen/head/830.png?lm=1412763415,main_transfermarkt,,,
813.0,columbus-crew-sc,Columbus Crew,USA,MLS1,https://tmssl.akamaized.net//images/wappen/head/813.png?lm=1621435558,main_transfermarkt,,,
82.0,vfl-wolfsburg,VfL Wolfsburg,DEU,L1,https://tmssl.akamaized.net//images/wappen/head/82.png?lm=1503060755,main_transfermarkt,,,
855.0,ea-guingamp,EA Guingamp,FRA,FR2,https://tmssl.akamaized.net//images/wappen/head/855.png?lm=1669659728,main_transfermarkt,,,
8718.0,sport-club-do-recife,Sport Club do Recife,BRA,BRA1,https://tmssl.akamaized.net//images/wappen/head/8718.png?lm=1708623979,main_transfermarkt,,,
8568.0,ad-ceuta,AD Ceuta FC,ESP,ES2,https://tmssl.akamaized.net//images/wappen/head/8568.png?lm=1422971808,main_transfermarkt,,,
86.0,sv-werder-bremen,SV Werder Bremen,DEU,L1,https://tmssl.akamaized.net//images/wappen/head/86.png?lm=1403082298,main_transfermarkt,,,
8793.0,red-bull-bragantino,Red Bull Bragantino,BRA,BRA1,https://tmssl.akamaized.net//images/wappen/head/8793.png?lm=1577915313,main_transfermarkt,,,
873.0,crystal-palace,Crystal Palace,ENG,GB1,https://tmssl.akamaized.net//images/wappen/head/873.png?lm=1457723287,main_transfermarkt,,,
8816.0,fc-dallas,FC Dallas,USA,MLS1,https://tmssl.akamaized.net//images/wappen/head/8816.png?lm=1402484487,main_transfermarkt,,,
89.0,1-fc-union-berlin,1.FC Union Berlin,DEU,L1,https://tmssl.akamaized.net//images/wappen/head/89.png?lm=1402956210,main_transfermarkt,,,
9010.0,fcv-dender-eh,FCV Dender EH,BEL,BE1,https://tmssl.akamaized.net//images/wappen/head/9010.png?lm=1449921839,main_transfermarkt,,,
9168.0,houston-dynamo-fc,Houston Dynamo FC,USA,MLS1,https://tmssl.akamaized.net//images/wappen/head/9168.png?lm=1605636557,main_transfermarkt,,,
8970.0,frosinone-calcio,Frosinone Calcio,ITA,IT2,https://tmssl.akamaized.net//images/wappen/head/8970.png?lm=1438547543,main_transfermarkt,,,
897.0,deportivo-la-coruna,Deportivo de La Coruña,ESP,ES2,https://tmssl.akamaized.net//images/wappen/head/897.png?lm=1563373966,main_transfermarkt,,,
931.0,fc-fulham,Fulham FC,ENG,GB1,https://tmssl.akamaized.net//images/wappen/head/931.png?lm=1556831687,main_transfermarkt,,,
91.0,preussen-munster,Preußen Münster,DEU,L2,https://tmssl.akamaized.net//images/wappen/head/91.png?lm=1602575455,main_transfermarkt,,,
928.0,club-atletico-platense,Club Atlético Platense,ARG,ARGC,https://tmssl.akamaized.net//images/wappen/head/928.png?lm=1424605971,main_transfermarkt,,,
940.0,celta-vigo,Celta de Vigo,ESP,ES1,https://tmssl.akamaized.net//images/wappen/head/940.png?lm=1406966406,main_transfermarkt,,,
9202.0,usl-dunkerque,USL Dunkerque,FRA,FR2,https://tmssl.akamaized.net//images/wappen/head/9202.png?lm=1750768730,main_transfermarkt,,,
978.0,vasco-da-gama-rio-de-janeiro,Clube de Regatas Vasco da Gama,BRA,BRA1,https://tmssl.akamaized.net//images/wappen/head/978.png?lm=1651168164,main_transfermarkt,,,
979.0,moreirense-fc,Moreirense FC,PRT,PO1,https://tmssl.akamaized.net//images/wappen/head/979.png?lm=1552324606,main_transfermarkt,,,
982.0,cd-nacional,CD Nacional,PRT,PO1,https://tmssl.akamaized.net//images/wappen/head/982.png?lm=1549988602,main_transfermarkt,,,
969.0,montpellier-hsc,Montpellier HSC,FRA,FR2,https://tmssl.akamaized.net//images/wappen/head/969.png?lm=1748640687,main_transfermarkt,,,
984.0,west-bromwich-albion,West Bromwich Albion,ENG,GB2,https://tmssl.akamaized.net//images/wappen/head/984.png?lm=1457991758,main_transfermarkt,,,
9636.0,seattle-sounders-fc,Seattle Sounders FC,USA,MLS1,https://tmssl.akamaized.net//images/wappen/head/9636.png?lm=1703495814,main_transfermarkt,,,
9899.0,real-sociedad-b,Real Sociedad B,ESP,ES2,https://tmssl.akamaized.net//images/wappen/head/9899.png?lm=1614795531,main_transfermarkt,,,
993.0,fc-cordoba,Córdoba CF,ESP,ES2,https://tmssl.akamaized.net//images/wappen/head/993.png?lm=1458766826,main_transfermarkt,,,
985.0,manchester-united,Manchester United,ENG,GB1,https://tmssl.akamaized.net//images/wappen/head/985.png?lm=1457975903,main_transfermarkt,,,
990.0,coventry-city,Coventry City,ENG,GB2,https://tmssl.akamaized.net//images/wappen/head/990.png?lm=1684518179,main_transfermarkt,,,
989.0,afc-bournemouth,AFC Bournemouth,ENG,GB1,https://tmssl.akamaized.net//images/wappen/head/989.png?lm=1457991811,main_transfermarkt,,,
988.0,oxford-united,Oxford United,ENG,GB2,https://tmssl.akamaized.net//images/wappen/head/988.png?lm=1522938199,main_transfermarkt,,,
995.0,fc-nantes,FC Nantes,FRA,FR1,https://tmssl.akamaized.net//images/wappen/head/995.png?lm=1581355747,main_transfermarkt,,,
968.0,kvc-westerlo,KVC Westerlo,BEL,BE1,https://tmssl.akamaized.net//images/wappen/head/968.png?lm=1715694370,main_transfermarkt,,,
,,,,,,egypt_manual,Zamalek,1.0,Egypt
,,,,,,egypt_manual,Pyramids,1.0,Egypt
,,,,,,egypt_manual,Al Ahly,1.0,Egypt
,,,,,,egypt_manual,Ceramica Cleopatra,1.0,Egypt
,,,,,,egypt_manual,Al Masry,1.0,Egypt
,,,,,,egypt_manual,Smouha,1.0,Egypt
,,,,,,egypt_manual,Wadi Degla,1.0,Egypt
,,,,,,egypt_manual,ZED,1.0,Egypt
,,,,,,egypt_manual,National Bank of Egypt,1.0,Egypt
,,,,,,egypt_manual,Petrojet,1.0,Egypt
,,,,,,egypt_manual,ENPPI,1.0,Egypt
,,,,,,egypt_manual,El Gouna,1.0,Egypt
,,,,,,egypt_manual,Modern Sport,1.0,Egypt
,,,,,,egypt_manual,Ghazl El Mahalla,1.0,Egypt
,,,,,,egypt_manual,Al Mokawloon Al Arab,1.0,Egypt
,,,,,,egypt_manual,Al Ittihad,1.0,Egypt
,,,,,,egypt_manual,Haras El Hodoud,1.0,Egypt
,,,,,,egypt_manual,Tala'ea El Gaish,1.0,Egypt
,,,,,,egypt_manual,Pharco,1.0,Egypt
,,,,,,egypt_manual,Kahraba Ismailia,1.0,Egypt
,,,,,,egypt_manual,Ismaily,1.0,Egypt
,,,,,,egypt_manual,El Qanah,2.0,Egypt
,,,,,,egypt_manual,Asyut Petroleum,2.0,Egypt
,,,,,,egypt_manual,Abou Qir Fertilizers,2.0,Egypt
,,,,,,egypt_manual,FC Masar,2.0,Egypt
,,,,,,egypt_manual,La Viena,2.0,Egypt
,,,,,,egypt_manual,Proxy,2.0,Egypt
,,,,,,egypt_manual,Telecom Egypt,2.0,Egypt
,,,,,,egypt_manual,El Sekka El Hadid,2.0,Egypt
,,,,,,egypt_manual,El Mansoura,2.0,Egypt
,,,,,,egypt_manual,El Entag El Harby,2.0,Egypt
,,,,,,egypt_manual,Tersana,2.0,Egypt
,,,,,,egypt_manual,Maleyat Kafr El Zayat,2.0,Egypt
,,,,,,egypt_manual,El Dakhleya,2.0,Egypt
,,,,,,egypt_manual,Dayrout,2.0,Egypt
,,,,,,egypt_manual,Baladiyat El Mahalla,2.0,Egypt
,,,,,,egypt_manual,Tanta,2.0,Egypt
,,,,,,egypt_manual,Aswan,2.0,Egypt
,,,,,,egypt_manual,Raya Ghazl Kafr El Dawar,2.0,Egypt
